Κωδ. ESA 10		I. Τρέχουσες τιμές	1995	1996	1997	1998	1999	2000	2001	2002	2003	2004	2005	2006	2007	2008	2009	2010	2011	2012	2013	2014	2015	2016	2017	I. Current prices
		ΠΡΟΣΕΓΓΙΣΗ ΠΑΡΑΓΩΓΗΣ																								PRODUCTION APPROACH 
P.1		Παραγωγή αγαθών και υπηρεσιών (σε βασικές τιμές)	156,562	171,470	186,310	202,685	214,046	231,451	248,815	268,007	287,061	311,799	321,498	353,965	377,760	386,427	375,814	354,633	323,261	306,893	292,476	288,345	280,135	274,977	286,000	Output of goods and services (at basic prices)
P.2		Ενδιάμεση ανάλωση (σε αγοραίες τιμές)	71,883	78,194	82,873	89,261	94,085	105,270	113,345	122,210	126,548	137,026	142,678	160,918	172,493	172,608	163,423	154,990	141,352	137,914	132,239	130,432	123,522	120,932	128,474	Intermediate consumption (at purchasers' prices)
B.1		Ακαθάριστη προστιθέμενη αξία (σε βασικές τιμές)	84,679	93,276	103,437	113,424	119,961	126,181	135,470	145,797	160,513	174,773	178,821	193,047	205,267	213,819	212,391	199,644	181,909	168,979	160,237	157,913	156,613	154,044	157,526	Gross value added (at basic prices)
D.21		Φόροι επί των προϊόντων	10,968	12,274	13,898	14,716	16,385	17,513	18,622	20,257	20,869	21,636	22,756	25,572	28,120	28,640	25,674	26,920	25,788	23,315	22,263	22,235	22,248	24,119	24,364	Taxes on products
D.31		Επιδοτήσεις επί των προϊόντων	2,583	2,513	2,623	2,877	2,557	2,447	1,898	2,594	2,477	2,693	2,334	758	693	468	531	532	668	1,090	1,845	1,492	1,603	1,676	1,672	Subsidies on products
		ΠΡΟΣΕΓΓΙΣΗ ΔΑΠΑΝΗΣ																								EXPENDITURE APPROACH
P.3		Τελική καταναλωτική δαπάνη	79,835	88,167	96,804	105,846	113,340	120,277	129,169	139,552	149,790	161,123	171,701	183,767	198,611	213,182	217,205	206,992	189,782	175,232	164,777	161,670	159,057	157,495	159,511	Final consumption expenditure
		          Νοικοκυριών	61,120	67,843	74,093	81,344	86,405	91,511	97,608	105,106	112,780	120,707	128,557	136,001	147,079	159,108	157,389	152,038	139,855	128,866	122,909	120,500	118,140	117,181	118,847	              Households
		          ΜΚΙΕΝ	2,156	2,182	2,427	2,585	2,880	2,974	3,077	3,017	3,091	3,310	3,256	3,854	3,783	3,931	4,449	4,765	4,823	4,801	4,944	4,941	4,938	4,913	4,968	              NPISH's
		          Γενικής Κυβέρνησης	16,559	18,143	20,284	21,918	24,055	25,792	28,483	31,429	33,918	37,106	39,889	43,911	47,750	50,143	55,367	50,188	45,104	41,564	36,924	36,230	35,978	35,401	35,695	              General Government
P.5		Ακαθάριστος σχηματισμός κεφαλαίου	20,913	24,063	25,742	31,535	32,310	36,478	39,101	40,456	48,975	49,024	44,031	56,975	63,133	59,315	43,559	38,534	31,271	24,480	20,958	21,280	18,111	20,251	22,544	Gross capital formation
P.51g		         Ακαθάριστος σχηματισμός  παγίου κεφαλαίου	18,573	21,423	23,165	29,707	32,780	34,805	37,648	38,581	45,307	47,257	41,500	51,602	60,528	57,627	49,387	39,698	31,607	24,140	21,963	20,624	20,490	21,284	23,243	             Gross fixed capital formation
P.52,P.53		          Μεταβολή αποθεμάτων / Αποκτήσεις μείον διαθέσεις τιμαλφών	2,340	2,640	2,578	1,829	-471	1,673	1,453	1,875	3,668	1,767	2,531	5,373	2,604	1,688	-5,828	-1,164	-336	340	-1,005	655	-2,380	-1,033	-699	             Changes in inventories + Acquisitions less disposals of valuables
P.6		Εξαγωγές αγαθών και υπηρεσιών	13,425	14,721	18,609	20,414	25,762	33,502	34,683	32,877	33,177	40,115	42,463	46,130	52,403	56,533	45,089	49,958	52,866	54,845	54,835	57,837	55,931	53,059	59,454	Exports  of goods and services
P.7		Εισαγωγές αγαθών και υπηρεσιών	21,109	23,914	26,443	32,533	37,623	49,009	50,759	49,424	53,037	56,546	58,953	69,010	81,453	87,039	68,319	69,452	66,889	63,353	59,915	62,130	55,840	54,317	61,292	Imports  of goods and services
		ΠΡΟΣΕΓΓΙΣΗ ΕΙΣΟΔΗΜΑΤΟΣ																								INCOME APPROACH
D.1		Αμοιβές εξαρτημένης εργασίας	27,204	29,634	33,762	37,459	40,742	43,482	46,906	54,048	59,461	64,138	68,271	73,066	78,441	82,947	84,875	82,130	73,259	66,080	59,715	59,196	58,327	58,287	59,603	Compensation of employees 
B.2		Ακαθάριστο λειτουργικό πλεόνασμα / μικτό εισόδημα	56,938	62,970	69,156	75,278	78,405	81,914	87,971	91,232	100,724	110,096	110,449	120,884	128,313	131,822	128,365	118,529	110,117	103,539	100,081	96,044	94,487	91,987	94,027	Gross operating surplus / mixed income
D.2		Φόροι επί της παραγωγής και των εισαγωγών	11,577	13,098	14,743	15,649	17,534	18,676	19,585	21,198	21,888	22,707	23,898	26,961	29,548	30,720	28,080	28,734	28,151	26,024	25,593	27,789	28,872	30,618	31,015	Taxes on production and imports
D.3		Eπιδοτήσεις 	2,654	2,665	2,948	3,124	2,892	2,824	2,268	3,017	3,169	3,225	3,375	3,050	3,607	3,499	3,786	3,362	4,499	4,439	4,735	4,374	4,428	4,404	4,427	Subsidies
B.1*g		ΑΚΑΘΑΡΙΣΤΟ ΕΓΧΩΡΙΟ ΠΡΟΙΟΝ σε αγοραίες τιμές	93.064	103.037	114.712	125.263	133.789	141.247	152.194	163.461	178.905	193.716	199.242	217.862	232.695	241.990	237.534	226.031	207.029	191.204	180.654	178.656	177.258	176.488	180.218	GROSS DOMESTIC PRODUCT at market prices
																										
Κωδ. ESA 10		II. Σταθερές τιμές προηγούμενου έτους	1995	1996	1997	1998	1999	2000 	2001 	2002 	2003 	2004 	2005 	2006 	2007 	2008	2009	2010	2011	2012	2013	2014	2015	2016	2017	II. Constant prices of the previous year
		ΠΡΟΣΕΓΓΙΣΗ ΠΑΡΑΓΩΓΗΣ																								PRODUCTION APPROACH 
P.1		Παραγωγή αγαθών και υπηρεσιών (σε βασικές τιμές)		159,907	176,836	194,701	207,148	223,821	241,316	260,500	278,083	302,391	311,211	340,931	365,415	368,023	373,792	348,422	316,361	305,576	299,982	295,497	289,887	281,214	282,291	Output of goods and services (at basic prices)
P.2		Ενδιάμεση ανάλωση (σε αγοραίες τιμές)		73,138	79,548	86,357	91,529	99,390	110,832	119,776	123,312	132,518	135,753	154,288	167,159	163,138	167,205	148,108	134,689	135,386	135,490	134,521	132,988	126,200	125,104	Intermediate consumption (at purchasers' prices)
B.1		Ακαθάριστη προστιθέμενη αξία (σε βασικές τιμές)		86,769	97,289	108,343	115,619	124,431	130,484	140,724	154,771	169,873	175,458	186,643	198,256	204,886	206,587	200,314	181,672	170,190	164,492	160,976	156,899	155,014	157,187	Gross value added (at basic prices)
D.21		Φόροι επί των προϊόντων		11,549	12,948	13,656	16,359	16,999	18,484	19,852	20,464	20,915	21,700	24,699	27,339	27,543	25,539	24,731	24,387	22,731	22,244	22,438	22,608	23,718	23,616	Taxes on products
D.31		Επιδοτήσεις επί των προϊόντων		2,591	2,580	2,819	2,867	2,398	1,885	2,411	2,303	2,829	2,281	838	601	514	543	524	669	1,006	1,731	1,423	1,633	1,812	1,658	Subsidies on products
		ΠΡΟΣΕΓΓΙΣΗ ΔΑΠΑΝΗΣ																								EXPENDITURE APPROACH
P.3		Τελική καταναλωτική δαπάνη		82,400	90,717	100,824	109,564	116,467	124,929	135,064	145,393	155,353	166,643	178,081	191,837	202,904	211,474	204,347	188,183	175,468	169,117	165,071	162,010	158,775	158,394	Final consumption expenditure
		          Νοικοκυριών		62,953	70,849	77,547	84,058	88,656	94,932	102,896	110,038	116,835	124,872	131,744	141,880	152,494	155,922	146,735	136,783	128,239	125,238	123,631	120,220	118,063	118,224	              Households
		          ΜΚΙΕΝ		2,016	2,300	2,467	2,806	2,882	2,977	2,910	2,986	3,216	3,144	3,736	3,677	3,774	4,394	4,553	4,735	4,832	4,995	5,018	4,989	4,989	4,914	              NPISH's
		          Γενικής Κυβέρνησης		17,431	17,568	20,810	22,700	24,929	27,021	29,258	32,368	35,302	38,626	42,602	46,280	46,636	51,158	53,059	46,665	42,397	38,884	36,421	36,800	35,724	35,256	              General Government
P.5		Ακαθάριστος σχηματισμός κεφαλαίου		22,561	24,751	30,153	31,389	36,304	38,107	39,974	47,983	48,655	43,809	54,546	61,835	57,315	43,369	38,867	30,124	23,764	22,053	22,351	18,622	19,212	22,267	Gross capital formation
P.51g		         Ακαθάριστος σχηματισμός  παγίου κεφαλαίου		20,254	22,174	28,398	31,905	33,719	36,673	37,522	44,408	46,649	41,643	49,547	59,801	56,174	49,599	39,832	31,561	24,193	22,105	20,936	20,764	21,463	23,216	             Gross fixed capital formation
P.52,P.53		          Μεταβολή αποθεμάτων / Αποκτήσεις μείον διαθέσεις τιμαλφών		2,307	2,577	1,756	-515	2,585	1,434	2,452	3,575	2,006	2,166	4,999	2,035	1,141	-6,229	-965	-1,437	-429	-53	1,416	-2,142	-2,251	-949	             Changes in inventories + Acquisitions less disposals of valuables
P.6		Εξαγωγές αγαθών και υπηρεσιών		13,973	18,122	19,449	25,404	31,477	33,542	32,143	32,635	39,332	41,455	44,676	51,028	54,223	46,063	47,281	49,972	53,486	55,674	59,084	59,624	54,913	56,646	Exports  of goods and services
P.7		Εισαγωγές αγαθών και υπηρεσιών		23,207	25,932	31,246	37,246	45,216	49,495	49,016	53,078	55,380	57,029	66,800	79,707	82,528	69,324	65,975	62,890	60,803	61,837	64,515	62,381	55,981	58,163	Imports  of goods and services
B.1*g		ΑΚΑΘΑΡΙΣΤΟ ΕΓΧΩΡΙΟ ΠΡΟΙΟΝ σε αγοραίες τιμές		95,727	107,657	119,180	129,111	139,033	147,083	158,164	172,933	187,959	194,876	210,504	224,994	231,915	231,583	224,521	205,389	191,915	185,006	181,991	177,874	176,920	179,144	GROSS DOMESTIC PRODUCT at market prices